title,price,image
CN 278 Легковыравнивающаяся стяжка 25 кг,"142,67грн",/upload/iblock/79e/79e17f5fb2423ee99a3712e3be4e8ac2.jpeg
CN 72 Самовыравнивающаяся смесь 25 кг,"512,23грн",/upload/iblock/d41/d41de7d9dca52376c85e9d68f3b02f71.jpeg
CN 83 Быстротвердеющая смесь 25 кг,"248,64грн",/upload/iblock/27b/27bac183b67a80544cbc089b08e9eef6.jpeg
"Kirchland Deco Plast декоративная штукатурка 25 кг (зерно 2,5 мм)","193,42грн",/upload/iblock/48d/48d36644afbc931c90fe12d0a0c4d073.png
Plato Gipswand (штукатурка) 30кг,"104,85грн",/upload/iblock/3e0/3e02a869c755e2766fc110d9e02637f8.jpeg
Антифриз Sika 1 кг Arktika,"50,20грн",/upload/iblock/8ac/8ac14fc4fa626fafa4426710d6a391ba.jpeg
Антифриз Sika 5 кг Arktika,"198,35грн",/upload/iblock/084/084ffb51cb9e38aa120d6534d56dbc4a.jpeg
Антифриз Sika 6кг,"200,80грн",/upload/iblock/9d2/9d24081580fea1f392a98be7aba3de89.jpeg
Антифриз Sika FS-1 1кг,"50,47грн",/upload/iblock/581/581fa0d9315a996eb496628ff26e66d4.jpeg
Антифриз МАСТЕР 1 кг.,"27,55грн",/upload/iblock/11a/11a78c5fadc20cd29f156b27bd9ea672.jpeg
Антифриз МАСТЕР 7 кг.,"130,72грн",/upload/iblock/e98/e982942e3139eed4c693a4bbfb5ccdc7.jpeg
Гидроизоляционная смесь CR 65  25 кг,"292,68грн",/upload/iblock/f52/f52e2f433019f77b9f69e9ddd7affdfb.jpeg
Гидрофобизатор Sikagard 71 W 5л,"659,20грн",/upload/iblock/eb8/eb85187220ab2bcfbdeabe02a919b275.jpeg
Гидрофобизатор Sikagard WS 3л,"535,45грн",/upload/iblock/3f4/3f4f68a4e547fe700a8dc44069be8ccc.jpeg
Гипсовая шпатлевка PLATÓ Filler 15 кг,"76,02грн",/upload/iblock/d4b/d4b5c9acf65ac45b2f2205fdb854ae00.jpeg
Гипсовая шпатлевка Кнауф Фугенфюллер 10 кг,"61,27грн",/upload/iblock/415/4158e121122ef40b587170e5fbe60ad2.jpeg
Гипсовая шпатлевка Кнауф Фугенфюллер 25 кг,"126,30грн",/upload/iblock/8e7/8e7c583e0686e46f2bbb8315ffea2076.jpeg
Гипсовая шпатлевка Кнауф Фугенфюллер 5 кг,"34,34грн",/upload/iblock/fb8/fb808114c00e8938d014beb5ff8bbb0c.jpeg
Гипсовая штукатурка Изогипс Ekogips 30 кг,"144,69грн",/upload/iblock/c4f/c4f2fde276790de4bf738bba57a50db8.jpeg
Гипсовая штукатурка Изогипс Eurogips 30 кг,"119,07грн",/upload/iblock/01c/01c1d129bf8f578363f967fe2530c220.jpeg
"Грунтовка ""Пума"" 0,5л","24,58грн",/upload/iblock/9f4/9f427cc68a35cdc024d438a628686b3f.jpeg
"Грунтовка ""Пума"" 1л.","31,54грн",/upload/iblock/146/1466d960dd5cff7fafd2a8562acfa7de.jpeg
"Грунтовка ""Пума"" 5л.","128,54грн",/upload/iblock/92c/92c87e9f829a5ce4c99d0ff7af01e95a.jpeg
"Грунтовка Sika BetonKontakt 1,5кг","77,10грн",/upload/iblock/250/2504e8816012c5d1073aa270524912a0.jpeg
Грунтовка Sika BetonKontakt 7.5кг,"379,08грн",/upload/iblock/f2e/f2e0d04db8eef84f17200ddd1d229f88.jpeg
Грунтовка акриловая Мастер «Грунт №1» 10л,"101,75грн",/upload/iblock/2cf/2cffb86b2b4bc5f6c2f9332f54f5f84c.jpeg
Грунтовка акриловая Мастер «Грунт №1» 5л,"51,59грн",/upload/iblock/444/44435993d1c2bb37b6a6408286542237.jpeg
Грунтовка Ансерглоб 1:6 1л.,"75,33грн",/upload/iblock/a63/a636d5bbbb2f6b80e79927342903e085.jpeg
Грунтовка Ансерглоб 1:6 5л.,"350,51грн",/upload/iblock/867/867914b0df8fe1bb2cb30d2dc1627bb1.jpeg
Грунтовка Артисан №7 10 л,"112,73грн",/upload/iblock/fbd/fbd8d8720dc29ce75ec39228e5e72c31.jpeg
Грунтовка Артисан №7 2 л,"31,09грн",/upload/iblock/f20/f20871b0bdfdf44cfb2ad600231bec41.jpeg
Грунтовка Артисан №7 5 л,"65,65грн",/upload/iblock/240/24083541e41b6a5aedf58d346dde6704.jpeg
Грунтовка Бетоконтакт 5 кг,"297,62грн",/upload/iblock/927/927c21bf7db4ecb94f3be9ab0f4052e9.jpeg
Грунтовка глубокопроникающая Мастер «Грунт» 1л,"15,82грн",/upload/iblock/666/666ae1686e39d25f240d019346b8c5ce.jpeg
Грунтовка глубокопроникающая Мастер «Грунт» 2л,"28,22грн",/upload/iblock/e42/e42ac0351bd00d38aff2d10be309a441.jpeg
Грунтовка глубокопроникающая СТ-17 10 л,"191,22грн",/upload/iblock/bb5/bb52e7366e36f8eb6cf9cdc7d36fc25d.jpeg
Грунтовка глубокопроникающая СТ-17 2 л,"62,23грн",/upload/iblock/480/480aa63e9bf1a4caab7181e8695cc79a.jpeg
Грунтовка глубокопроникающая СТ-17 2 л SUPER,"71,48грн",/upload/iblock/ca8/ca8dd14a35728dee9dc409bae45e95ed.jpeg
Грунтовка глубокопроникающая СТ-17 5 л,"113,85грн",/upload/iblock/aac/aac036f2d82f4b87da1e615b061c0960.jpeg
Грунтовка Кirchland Prime Tex 10л,"135,90грн",/upload/iblock/64a/64a04f7a3be76fa34940c6aaf41757b9.jpeg
Грунтовка Кirchland Prime Tex 5 л,"77,62грн",/upload/iblock/252/252966b49cfdedee1103fc90a16dd7c1.jpeg
Грунтовка Колорит Старт силикон 10 л.,"350,12грн",/upload/iblock/f09/f090035c210b61ac6aba09a2a9ddab36.jpeg
Грунтовка Мастер «Ґрунт для внутрішніх робіт» 10 л,"87,16грн",/upload/iblock/3fa/3faa254d36a6388183a1849e80f2fa5a.jpeg
Грунтовка Мастер «Ґрунт для внутрішніх робіт» 5 л,"45,22грн",/upload/iblock/d19/d194477b0fa7e0a3e5ba4b678e1d1338.jpeg
"Грунтовка Момент ""Грунт Интерьер""10л","92,03грн",/upload/iblock/bb1/bb1b65836c9451617bcd3bb433b14cb5.jpeg
Грунтовка Момент 10л,"134,43грн",/upload/iblock/166/166878c3918b98501e6c59b056e575a3.jpeg
Грунтовка Момент 2л,"43,86грн",/upload/iblock/acf/acf113c20ab323d02b82f75567b5ec9e.jpeg
Грунтовка Момент 5л,"83,41грн",/upload/iblock/29d/29dc23d31599b33b3234902e924e176a.jpeg
Грунтовка СТ-17 10 л SUPER,"233,36грн",/upload/iblock/3c0/3c0872cc014a555bf4020bf26ae36a9a.jpeg
Грунтовка СТ-17 5 л SUPER,"136,66грн",/upload/iblock/eb7/eb784822940462c65b2231f10bd7a44d.jpeg
Грунтовка Хафт-эмульсия Кнауф 5 кг,"339,08грн",/upload/iblock/bb8/bb88c6392fa2392fb772251c8010818d.jpeg
Грунтующая краска СТ-16 10 л,"459,91грн",/upload/iblock/07a/07a325c0193223ff9c8a3a13d3a4c9ed.jpeg
Грунтующая краска СТ-16 5 л,"254,10грн",/upload/iblock/6ae/6aeb036b031458a2a3b1f31930c46fe2.jpeg
"Декоративна штукатурка МАСТЕР декор 25 кг зерно 2,0 мм","227,48грн",/upload/iblock/892/892fe46c381f157c6b7c47452ede767d.jpeg
"Затирка ""МАСТЕР - шов кольоровий"" бежевий 1 кг","23,70грн",/upload/iblock/505/505c7bc9212a3ee7f4f5e0252593a47a.jpeg
"Затирка ""МАСТЕР - шов кольоровий"" бежевий 2кг","35,53грн",/upload/iblock/b18/b18ce215e5df851a07626ed76c5a45d2.jpeg
"Затирка ""МАСТЕР - шов кольоровий"" бежевый 2 кг","72,91грн",/upload/iblock/b73/b732d6a9f3e9ff3768a74c345edb82be.jpeg
"Затирка ""МАСТЕР - шов кольоровий"" белый 1 кг","19,52грн",/upload/iblock/a01/a0167b0aa367b3dac9f754b05a33294a.jpeg
"Затирка ""МАСТЕР - шов кольоровий"" белый 2 кг","65,31грн",/upload/iblock/8d1/8d18674a3912de6688dc218bf70ec1f7.jpeg
"Затирка ""МАСТЕР - шов кольоровий"" голубой 2 кг","75,67грн",/upload/iblock/92f/92f5840a1ec1a85a1dab113ceb5a1ea4.jpeg
"Затирка ""МАСТЕР - шов кольоровий"" голубой 2 кг","37,81грн",/upload/iblock/362/362e7a2e13e976c185bbb3388bc6e005.jpeg
"Затирка ""МАСТЕР - шов кольоровий"" графит 1 кг","24,65грн",/upload/iblock/1ee/1ee5033007b21524b0b08856ab5a4e53.jpeg
"Затирка ""МАСТЕР - шов кольоровий"" графит 2 кг","75,67грн",/upload/iblock/274/2745f54baaae6f89045712bb7a4e277c.jpeg
"Затирка ""МАСТЕР - шов кольоровий"" графит 2 кг","37,81грн",/upload/iblock/f01/f0108aa7db46d21e89cc03108fe6b39e.jpeg
"Затирка ""МАСТЕР - шов кольоровий"" жасмин 1 кг","23,70грн",/upload/iblock/072/0722991d37c6d8dae5dc2de821d2d766.jpeg
"Затирка ""МАСТЕР - шов кольоровий"" жасмин 2 кг","72,91грн",/upload/iblock/9ad/9adbc2e1790db0258b80e6688b27902f.jpeg
"Затирка ""МАСТЕР - шов кольоровий"" жасмин 2кг","35,53грн",/upload/iblock/ec7/ec79c575426a6fe822d9b7273336d312.jpeg
"Затирка ""МАСТЕР - шов кольоровий"" карамель 2 кг","72,91грн",/upload/iblock/f1f/f1faec85af76fbe6c4b925d308f4b034.jpeg
"Затирка ""МАСТЕР - шов кольоровий"" карамель 2кг","35,53грн",/upload/iblock/2cd/2cd47095950c57fa3bb6aca2ddcf27bd.jpeg
"Затирка ""МАСТЕР - шов кольоровий"" кипричный 2 кг","75,67грн",/upload/iblock/b08/b08b40fb2c0125c7e9132247df14dbc4.jpeg
"Затирка ""МАСТЕР - шов кольоровий"" кирпичный 2кг","37,81грн",/upload/iblock/33a/33ac5c1de6f616a1d60ed0a86982b141.jpeg
"Затирка ""МАСТЕР - шов кольоровий"" ореховый 2 кг","82,46грн",/upload/iblock/df4/df4d0a77d42fd6b3b6b26250e2fb0d1b.jpeg
"Затирка ""МАСТЕР - шов кольоровий"" ореховый 2кг","42,89грн",/upload/iblock/c8e/c8e6f5300f14caf3f26866271ea38daa.jpeg
"Затирка ""МАСТЕР - шов кольоровий"" персик 1 кг","23,70грн",/upload/iblock/3be/3be8028ae1078ba3563897486c4046a3.jpeg
"Затирка ""МАСТЕР - шов кольоровий"" персик 2 кг","72,91грн",/upload/iblock/abf/abf92a72e6eeb3a0cf71973042468584.jpeg
"Затирка ""МАСТЕР - шов кольоровий"" персик 2кг","35,53грн",/upload/iblock/abd/abd7c051d9b40101ebd98b067e4f5491.jpeg
"Затирка ""МАСТЕР - шов кольоровий"" розовый 1 кг","24,65грн",/upload/iblock/15a/15ab239ef7c4609c0c3ea70c57160e9c.jpeg
"Затирка ""МАСТЕР - шов кольоровий"" розовый 2 кг","75,67грн",/upload/iblock/2ac/2ac41227c52b7654601ae6fd9efc5d38.jpeg
"Затирка ""МАСТЕР - шов кольоровий"" розовый 2кг","37,81грн",/upload/iblock/237/237b63c5c189dbbf48e259cc65b67e40.jpeg
"Затирка ""МАСТЕР - шов кольоровий"" салатовый 2 кг","75,67грн",/upload/iblock/622/622ea9f5d10f702183910266f4e84c85.jpeg
"Затирка ""МАСТЕР - шов кольоровий"" салатовый 2кг","37,81грн",/upload/iblock/beb/bebc50b52b08e807b7e7b01b088cd75a.jpeg
"Затирка ""МАСТЕР - шов кольоровий"" серый 2 кг","65,31грн",/upload/iblock/882/882f3ec5c9308148f34fe6a31825e91e.jpeg
"Затирка ""МАСТЕР - шов кольоровий"" серый 2 кг","29,26грн",/upload/iblock/76b/76b14ecfe4dd0dd45ea0abc1ff2c8067.jpeg
"Затирка ""МАСТЕР - шов кольоровий"" темно-коричневый 2 кг","82,46грн",/upload/iblock/f0b/f0b6825b23ddfbb94c480221edbfeaa2.jpeg
"Затирка ""МАСТЕР - шов кольоровий"" темно-коричневый 2 кг","42,89грн",/upload/iblock/4c3/4c32878349336a127d0ab04880f33c50.jpeg
Затирка СЕ 33 Plus 100 белый 2 кг,"66,31грн",/upload/iblock/524/5249e2ac0e27fd4904954be8e5102f64.png
Затирка СЕ 33 Plus 101 молочний 2 кг,"58,40грн",/upload/iblock/f78/f788c97cc557dff6a954677fd5c68f75.png
Затирка СЕ 33 Plus 110 светло-серый 2 кг,"66,31грн",/upload/iblock/b08/b087795a7be2e8c5e81d37ca8d63771f.png
Затирка СЕ 33 Plus 114 серый 2 кг,"66,31грн",/upload/iblock/870/8706b85d12243344f50bf69a2201d977.png
Затирка СЕ 33 Plus 115 серый цемент 2 кг,"70,28грн",/upload/iblock/495/495b1eab83f8ba7d1e0499d44b60800d.png
Затирка СЕ 33 Plus 116 антрацит 2кг,"72,25грн",/upload/iblock/860/8605f6b03ce18ce1b2aaf63be407ed35.png
Затирка СЕ 33 Plus 117 черный 2 кг,"70,28грн",/upload/iblock/025/025c92de22865f88f64137b2b1b9782f.png
Затирка СЕ 33 Plus 120 жасмин 2 кг,"66,31грн",/upload/iblock/74a/74a889c0c27e24786f388898038e8254.png
Затирка СЕ 33 Plus 121 светлый беж 2 кг,"66,31грн",/upload/iblock/855/855593d496d1ebe7250bdf0d204b02f6.png
Затирка СЕ 33 Plus 123 бежевый 2 кг,"66,31грн",/upload/iblock/5f1/5f1835539cc0ce3ce41d88ad42f7d18c.png
Затирка СЕ 33 Plus 124 темный беж 2 кг,"70,28грн",/upload/iblock/070/070b7a2471b524515c5c99c483735e9a.png
Затирка СЕ 33 Plus 125 карамель 2 кг,"70,28грн",/upload/iblock/73d/73d236f54a67470d166dc8c9b540c697.png
Затирка СЕ 33 Plus 130 коричневый 2 кг,"72,25грн",/upload/iblock/b3d/b3de3b4ec474c6e61b4bce4c4e831437.png
Затирка СЕ 33 Plus 131 темно-коричневый 2 кг,"72,25грн",/upload/iblock/ef4/ef414e2394e6cddfdf90059c7f44cc7a.png
Затирка СЕ 33 Plus 132 теракотовый 2 кг,"78,19грн",/upload/iblock/c90/c90956460af9ced88552e286087ee3fa.png
Затирка СЕ 33 Plus 134 клинкер 2 кг,"78,19грн",/upload/iblock/15e/15e9d94026f94d51ce4994464ce81581.png
Затирка СЕ 33 Plus 136 красный 2 кг,"155,41грн",/upload/iblock/500/5003b04aef35507d3ba60d3db6246d46.png
Затирка СЕ 33 Plus 138 кремовый 2 кг,"78,19грн",/upload/iblock/88a/88aa5adbad247a6732ed3a5e0ff81bb0.png
Затирка СЕ 33 Plus 139 персик 2 кг,"78,19грн",/upload/iblock/83f/83f331650820820ab24b3f950b9be204.png
Затирка СЕ 33 Plus 140 ванильный 2 кг,"78,19грн",/upload/iblock/d26/d26d0dc4698ce5b85da1d4c8b5cb8aa8.png
Затирка СЕ 33 Plus 161 нефритовый 2 кг,"118,79грн",/upload/iblock/1c3/1c3a83d52ac2b7d0a5ce0e99376a86a5.png
Затирка СЕ 33 Plus 180 светло-голубой 2 кг,"78,19грн",/upload/iblock/fff/fff9be9213eb2b5658cea2bb5d8888e7.png
Затирка СЕ 33 Plus 181 небесно-синий 2 кг,"155,41грн",/upload/iblock/9ac/9ac92b24d59dbae4e8605460dbc9b1ae.png
Затирка СЕ 33 Plus 182 фиолетовый2 кг,"118,79грн",/upload/iblock/bac/bacfddcf9a5c0fd576af38e6f5c72582.png
Кладочная смесь МАСТЕР «Будівельник» 40 кг,"75,34грн",/upload/iblock/62b/62ba73bc255b3f9fe2fea74f361accd1.jpeg
Колорит ЕКО грунт 1 л,"36,99грн",/upload/iblock/14e/14ed715efd85c45105085976a9b0f110.jpeg
Колорит ЕКО грунт 5 л,"99,90грн",/upload/iblock/b5e/b5e473e8b3cd23380546a2c27fc10260.jpeg
"Легковыравниваемая стяжка для пола ""Мастер - нивелир стар"" 25 кг","94,05грн",/upload/iblock/e6d/e6dae5f298d97b7889b9f23d6c108734.jpeg
МАСТЕР клинкер коричневый 25 кг,"93,58грн",/upload/iblock/af9/af9222d69086979b96f67c7dfcc9d7e8.jpeg
"МАСТЕР пластификатор ""Заменитель извести"" 1 кг","35,10грн",/upload/iblock/853/853724655c86f635092d0410d7b699b6.jpeg
"МАСТЕР пластификатор ""Заменитель извести"" 5 кг","144,83грн",/upload/iblock/be3/be3fc4c52695b054053aeebb5548cb66.jpeg
"МАСТЕР пластификатор ""Теплый пол"" 1 кг","32,16грн",/upload/iblock/4e1/4e1061f70b0642a9e3578f8d12b92b44.jpeg
"МАСТЕР шов белый  (ведро 0,8 кг)","39,68грн",/upload/iblock/60f/60ffcadaaf6ee906fd28bfd1487d7d85.jpeg
"МАСТЕР шов кирпичный (ведро 0,8 кг)","46,14грн",/upload/iblock/b01/b018883c93ee0f115e7ab302300a40bb.jpeg
"МАСТЕР шов ореховый (ведро 0,8 кг)","47,43грн",/upload/iblock/47f/47f7a028cefccf039398c75fe2be0698.jpeg
"МАСТЕР шов розовый (ведро 0,8 кг)","46,14грн",/upload/iblock/e1e/e1e4338fc70459586d032e8ea583bf7a.jpeg
"МАСТЕР шов темно-коричневый  (ведро 0,8 кг)","47,43грн",/upload/iblock/b77/b774652e24f7f00cd6634f588a59c869.jpeg
"МАСТЕР штукатурка для газоблока, 15 кг","63,22грн",/upload/iblock/725/7258a0875099fc2c3a7b1f0b7eb650f6.jpeg
Машинная штукатурка МП-75 30 кг,"89,40грн",/upload/iblock/f11/f11e9dd2373b5938f8d04811ac961bb7.jpeg
Очиститель keranet liquido\1 кг,"109,70грн",/upload/iblock/559/5594d8c187d68e73eada2ee407f006eb.jpeg
Очиститель минеральных поверхностей Sikagard-S 1л,"73,55грн",/upload/iblock/4ae/4ae58d2f031b7ca1eb62eb65132041fc.jpeg
Пластификатор SikaLatex 1кг,"107,64грн",/upload/iblock/c5e/c5e75cbb187e9707f3060ffcbd75b5e7.jpeg
Пластификатор SikaLatex 5кг,"575,00грн",/upload/iblock/44b/44bd94b398fb11c21689b52c7849c8df.jpeg
Пластификатор Sikament BV 3M 6кг,"214,60грн",/upload/iblock/805/80563cbf324a8d8d08f5848d5fd183c6.jpeg
Пластификатор растворов Sika Mix Plus 1кг,"59,97грн",/upload/iblock/d8d/d8d7506df87d9c219c22e8b9f808dfa6.jpeg
Пластификатор растворов Sika Mix Plus 5кг,"277,38грн",/upload/iblock/e34/e346ccd5be45c21a5237de43849a757f.jpeg
Пластификатор усиленный SikaPlast-520 1 кг,"58,63грн",/upload/iblock/543/543431326021bc11feb15e5a0f1dcfec.jpeg
Пластификатор усиленный SikaPlast-520 6 кг,"298,40грн",/upload/iblock/61d/61d952f63674e8d7805c9324dfa0e877.jpeg
Пластифицирующий гидрофобизатор Sika-1 1кг,"74,39грн",/upload/iblock/505/505f60e59bd194a865fd19f4f1ea218d.jpeg
Пластифицирующий гидрофобизатор Sika-1 5кг,"347,69грн",/upload/iblock/417/41791c3c7c835d431aca0346e9b79cc2.jpeg
"Растворная смесь для устройства пола ""Мастер - Стяжка"" 25 кг","57,52грн",/upload/iblock/861/86123aaf76260691cbff110425a6f858.jpeg
"Розчин кладочний МАСТЕР ""будівельник"" 40кг. ""Зимова формула""","78,19грн",/upload/iblock/6f7/6f7494037c601602b40da661e3172ca2.jpeg
СN-69 Самовыравнивающаяся смесь 25 кг,"159,71грн",/upload/iblock/19b/19b426a3ff3b150984af4624bf558d17.jpeg
"Самовыравнивающаяся смесь ""Мастер - нивелир финиш"" 25 кг","110,72грн",/upload/iblock/a3d/a3dab133df9bf8816b79070fba4f0b94.jpeg
СЕ 33 Plus 100 белый 5кг,"163,34грн",/suchdom_noimage.png
СЕ 33 Plus 114 серый 5 кг,"163,34грн",/suchdom_noimage.png
СЕ 40/2 черный 18,"147,50грн",/suchdom_noimage.png
Смесь «Kirchland Fuga» шов бежевый 2 кг,"98,75грн",/upload/iblock/090/0907ab5d9481b4af511f152d04601c83.png
Смесь «Kirchland Fuga» шов белый 2 кг,"88,64грн",/upload/iblock/217/2173bfdd047eee9bc55a302b417ec1e2.png
Смесь «Kirchland Fuga» шов бирюзовый 2 кг,"106,21грн",/upload/iblock/724/72417ca656c3ebc9a1928c6d7da10783.png
Смесь «Kirchland Fuga» шов голубой 2 кг,"98,75грн",/upload/iblock/cd7/cd79007638f41dc4ec56fc20476a71c5.png
Смесь «Kirchland Fuga» шов графит 2 кг,"106,21грн",/upload/iblock/a1e/a1e6c68c740dbdd844d97b540bada45d.png
Смесь «Kirchland Fuga» шов жасмин 2 кг,"98,75грн",/upload/iblock/6d5/6d57e4d6ac5eab466f1a88494f2fc554.png
Смесь «Kirchland Fuga» шов карамель 2 кг,"98,75грн",/upload/iblock/6c3/6c336a8ba7dea78a159e07e4d1ba04be.png
Смесь «Kirchland Fuga» шов коричневый 2 кг,"108,54грн",/upload/iblock/2d9/2d9f57971f3fceaac58034b2b34d3ec9.png
Смесь «Kirchland Fuga» шов ореховый 2 кг,"108,54грн",/upload/iblock/f7f/f7f7f93f31b2750ed3103fbd6e30dfa0.png
Смесь «Kirchland Fuga» шов персик 2 кг,"98,75грн",/upload/iblock/22b/22bc7d3720d06b9de9227113a31165fc.png
Смесь «Kirchland Fuga» шов розовый 2 кг,"106,21грн",/upload/iblock/56b/56bd40e6efa402b977b3d73a6f4a5328.png
Смесь «Kirchland Fuga» шов салатовый 2 кг,"106,21грн",/upload/iblock/141/1413e7115ac5b7c488cda86c3cc9881f.png
Смесь «Kirchland Fuga» шов светло-голубой 2 кг,"98,75грн",/upload/iblock/cc8/cc8bac433c0ecb11fa4d8ac5d5c30b8a.png
Смесь «Kirchland Fuga» шов светло-серый 2 кг,"98,75грн",/upload/iblock/01e/01e6ba84b39bb19607d5c50df08073cd.png
Смесь «Kirchland Fuga» шов серый 2 кг,"88,64грн",/upload/iblock/472/47269518bafa76eeed29b72dfdde42c0.png
Смесь «Kirchland Fuga» шов синий 2 кг,"108,54грн",/upload/iblock/95f/95fcd4353f41bcd2a086a22e47c0b3ef.png
"Смесь для выравнивания Момент ""Ровный пол"" 25 кг","129,13грн",/upload/iblock/4d0/4d0d3a3d08628730f1d0628ac3317942.jpeg
Смесь для кладки газобетона Момент 25 кг,"77,12грн",/upload/iblock/bc0/bc009ae45f63389e770eac7bab856c69.png
Смесь для кладки МАСТЕР «Блок.Зимова формула» 20 кг,"60,20грн",/upload/iblock/679/6799d34b89d5b33a8606d0e9b7cb30dc.jpeg
"Смесь утепляющая ""МАСТЕР - тепла підлога"" 15кг","90,92грн",/upload/iblock/83b/83b87b7645a6ee83bbfc943b991e6b21.jpeg
Снежка Акрил-Путц Грунтовка полимерная глубокого проникновения 10л,"243,21грн",/upload/iblock/0da/0daf067b74dd126295193fa85a177cd2.jpeg
Снежка Акрил-Путц Грунтовка полимерная глубокого проникновения 1л,"32,69грн",/upload/iblock/1f7/1f7ae96cfb2c0abe818bc5b56c002d44.jpeg
Снежка Акрил-Путц Грунтовка полимерная глубокого проникновения 5л,"133,62грн",/upload/iblock/ee0/ee0cd861b65047b0ecfb1e5dcb406005.jpeg
Снежка Акрил-Путц Грунтовка полимерная универсальная 10л,"181,74грн",/upload/iblock/bd4/bd4ffcc4f9c981d3ff80b4bec1e0385c.jpeg
Снежка Акрил-Путц Грунтовка полимерная универсальная 1л,"25,29грн",/upload/iblock/f22/f229da6704fddfabb445faeb27675850.jpeg
Снежка Акрил-Путц Грунтовка полимерная универсальная 5л,"104,80грн",/upload/iblock/988/98829e78aa5812acac7e0233a7f17874.jpeg
Снежка грунтующая краска 1л,"42,89грн",/upload/iblock/2d8/2d8851613069bd83bb42ffc56fda86d1.jpeg
Снежка грунтующая краска 3л,"114,29грн",/upload/iblock/46e/46eacb4528eb542b7a098386bc884b9c.jpeg
Снежка грунтующая краска 5л,"184,59грн",/upload/iblock/7be/7beb2c9fbb08206721231bd63145e4c7.jpeg
"СТ 137 Штукатурка декоративная «камешковая» (зерно 1,5 мм)","479,35грн",/upload/iblock/3da/3da7c0079b6c736a8b6e7d272d5e0a1f.jpeg
"СТ 35 Штукатурка декоративная «короед» (зерно 2,0 мм)","233,14грн",/upload/iblock/bb2/bb2555b3fdb2218b10b4ed510c2a2f2e.jpeg
"СТ 35 Штукатурка декоративная «короед» (зерно 2,5 мм) база","288,86грн",/upload/iblock/1c4/1c408c43ba5fef48adbbbc07fb358ee2.jpeg
"СТ 35 Штукатурка декоративная «короед» (зерно 2,5 мм) белая","326,54грн",/upload/iblock/b09/b09c37298ceb334c0a467719af181b2d.jpeg
"СТ 35 Штукатурка декоративная «короед» (зерно 3,5 мм) база","311,30грн",/upload/iblock/a64/a64da2081c274e732c34d928a26c327e.jpeg
"СТ 36 Штукатурка декоративная структурная 25 кг (зерно 2,00 мм)","397,69грн",/upload/iblock/c83/c83a66c1c67882a92fde37330344977e.jpeg
СТ-77 Штукатурка декоративная 14 кг 12М,"865,36грн",/upload/iblock/c98/c988789c25e3a937e21469a3d0f2485a.jpeg
СТ-77 Штукатурка декоративная 14 кг 16D,"865,36грн",/upload/iblock/b1a/b1a7e2f562cff516675e1717846c50ae.jpeg
СТ-77 Штукатурка декоративная 14 кг 17D,"865,36грн",/upload/iblock/6de/6de273d3b7c5f3b4baa33482aec42eca.jpeg
СТ-77 Штукатурка декоративная 14 кг 18D,"865,36грн",/upload/iblock/c10/c10e0b5ab00cd6c8574ccd5fe98e462a.jpeg
СТ-77 Штукатурка декоративная 14 кг 20D,"865,36грн",/upload/iblock/ada/ada00e7ab9caa5d1e4e4231165d61b8c.jpeg
СТ-77 Штукатурка декоративная 14 кг 22,"865,36грн",/upload/iblock/dfd/dfdf04da12fca62c85c82ba4079d1aad.jpeg
СТ-77 Штукатурка декоративная 14 кг 4D,"865,36грн",/upload/iblock/a55/a555668087d47ebe4b4c9885619bb8cc.jpeg
СТ-77 Штукатурка декоративная 14кг 65,"865,36грн",/upload/iblock/8b9/8b98dbc1d93dcc0007d59c76f58d32a3.jpeg
СТ-77/14 Sierra 2,"969,19грн",/suchdom_noimage.png
Стартовая штукатурка Plato Start 30 кг,"102,01грн",/upload/iblock/99e/99e63e9bea27ed59db99089af1c9f8cf.jpeg
"Фибра SikaFiber PPM-12  0,15 кг","38,57грн",/upload/iblock/e55/e55cb9b3c950a9128a187929b2e1c991.jpeg
"Фибра SikaFiber PPM-12  0,6 кг","138,64грн",/upload/iblock/bc7/bc78d4158c6ebd7be3c82f5cf2facaa8.jpeg
Финишная шпаклевка PLATÓ Finish 25 кг,"112,84грн",/upload/iblock/c1a/c1a0430337ad0cef1552e224048bdcee.jpeg
Цветной шов СЕ 33 SUPER 2 кг абрикосовый,"34,65грн",/upload/iblock/7ea/7ea07ff1e40f3cc1912e5be49409ac88.jpeg
Цветной шов СЕ 33 SUPER 2 кг оливковый,"43,56грн",/upload/iblock/7d4/7d406c7f274eaa2660b1274a2561e053.jpeg
Цветной шов СЕ 33 SUPER 2 кг светло-голубой,"34,65грн",/upload/iblock/1c5/1c5988257230388ed3f6fa3ebd5e2def.jpeg
Цветной шов СЕ 33 SUPER 2 кг светло-салатовый,"43,56грн",/upload/iblock/d7a/d7a856746294a0c9b251d0f75c99ecf9.jpeg
Цветной шов СЕ 33 SUPER 2 кг светло-серый,"48,36грн",/upload/iblock/8b7/8b70d12a65cb76e083347312d3d51a39.jpeg
Цветной шов СЕ 33 SUPER 2 кг темно-синий,"70,29грн",/upload/iblock/909/909b1908f36d1b1dcc3e93d8742c37fc.jpeg
Цветной шов СЕ 40 2 кг белый,"128,68грн",/upload/iblock/2a8/2a82ca798a5abab2b13e973dae982feb.jpeg
Цветной шов СЕ 40 2 кг голубой,"136,61грн",/upload/iblock/195/19530f711919058daef9e747e3460bba.jpeg
Цветной шов СЕ 40 2 кг графит,"136,61грн",/upload/iblock/782/782257e67928d4496abdb7694539ee25.jpeg
Цветной шов СЕ 40 2 кг жасмин,"136,61грн",/upload/iblock/fc6/fc6f0aaf8bc43201a3c1976a7a8d108e.jpeg
Цветной шов СЕ 40 2 кг зеленый,"204,92грн",/upload/iblock/fdb/fdb1c797cf55acf7150fb407b5d091fc.jpeg
Цветной шов СЕ 40 2 кг карамель,"136,61грн",/upload/iblock/7f3/7f39d03c46eb6bde7af450d862802f19.jpeg
Цветной шов СЕ 40 2 кг кирпичный,"147,50грн",/upload/iblock/11d/11d1d8db263816c71799d9237c67b490.jpeg
Цветной шов СЕ 40 2 кг красный,"147,50грн",/upload/iblock/152/152cdf0c3195d4c4a9b451ff78d2095d.jpeg
Цветной шов СЕ 40 2 кг кремовый,"136,61грн",/upload/iblock/08b/08bcf535e80ac9145fa08ce90e724eb8.jpeg
Цветной шов СЕ 40 2 кг натура,"147,50грн",/upload/iblock/1e6/1e6aed3d9cc7673800963a6570df8d5a.jpeg
Цветной шов СЕ 40 2 кг ореховый,"147,50грн",/upload/iblock/181/1812eb8339a8bf19458cd35e2afe7a47.jpeg
Цветной шов СЕ 40 2 кг персиковый,"136,61грн",/upload/iblock/ea7/ea714450d6bab5961cd7c0aa7f0a6219.jpeg
Цветной шов СЕ 40 2 кг салатовый,"127,70грн",/upload/iblock/fef/fef802fbca22f59235f1327de622876b.jpeg
Цветной шов СЕ 40 2 кг светло-голубой,"136,61грн",/upload/iblock/5eb/5ebc743a35f361a50f6f08f11e6e3e3f.jpeg
Цветной шов СЕ 40 2 кг светло-салатовый,"136,61грн",/upload/iblock/cfa/cfa16eac9f0d31c9094f2dde8ce55bf2.jpeg
Цветной шов СЕ 40 2 кг светло-серый,"136,61грн",/upload/iblock/956/956a2d9d475630671f7b0d5b2d9194ac.jpeg
Цветной шов СЕ 40 2 кг серый,"128,68грн",/upload/iblock/dc9/dc914333be26bc882e48e847df022cd9.jpeg
Цветной шов СЕ 40 2 кг сиена,"147,50грн",/upload/iblock/dff/dffeb8efc6670dbecf79048da1aabf25.jpeg
Цветной шов СЕ 40 2 кг синий,"147,50грн",/upload/iblock/793/79358b7d15e4f358b85f6bc8d9e3ae05.jpeg
Цветной шов СЕ 40 2 кг темно-коричневый,"147,50грн",/upload/iblock/d5f/d5f69f39051356a4d9751cfa2b0ec263.jpeg
Цветной шов СЕ 40 2 кг темно-синий,"204,92грн",/upload/iblock/0bd/0bd9cfc1e9ac31a284f19a32edd77ed6.jpeg
Цветной шов СЕ 40 5кг какао 52,"147,50грн",/upload/iblock/d8a/d8a1a0649882ad1316b4b7a42cfbbb99.jpeg
Цветной шов СЕ 40 aquastatic 5 кг жасмин,"285,11грн",/upload/iblock/2c9/2c9bec501d54462d6db1a15bbd54a5bd.jpeg
Цветной шов СЕ 40 aquastatic 5 кг карамель,"296,00грн",/upload/iblock/cec/cec1d444066c2f5bac86d558f89292fa.jpeg
Цветной шов СЕ 43 Grand'Elit  2 кг антрацит,"149,47грн",/upload/iblock/e56/e56b6b84b7af63e6d7274525fd525dcc.jpeg
"Шпаклевка для дерева Vidaron белая 0,25кг","33,71грн",/upload/iblock/519/519dda476af4be919c639daa1e29b9d1.jpeg
"Шпаклевка для дерева Vidaron береза 0,25кг","33,71грн",/upload/iblock/858/85821b149454a92426814cf9e60813dd.jpeg
"Шпаклевка для дерева Vidaron бук 0,25кг","33,71грн",/upload/iblock/3b4/3b412275d0eb2347dbe4b070ebb6fd2a.jpeg
"Шпаклевка для дерева Vidaron дуб 0,25кг","33,71грн",/upload/iblock/cde/cde5fef0fc124067496214007f86d16c.jpeg
"Шпаклевка для дерева Vidaron ель 0,25кг","33,71грн",/upload/iblock/72b/72b2132b84cc4dfa38277afd4cfbcaf6.jpeg
"Шпаклевка для дерева Vidaron махон 0,25кг","33,71грн",/upload/iblock/9da/9daa4a7ab1fcb843dae52b6669546f2f.jpeg
"Шпаклевка для дерева Vidaron ольха 0,25кг","33,71грн",/upload/iblock/b86/b86fc47264436985ee2d3d6ed470b29d.jpeg
"Шпаклевка для дерева Vidaron орех 0,25кг","33,71грн",/upload/iblock/61a/61a6db75e451337cbb149c6e422f269d.jpeg
"Шпаклевка для дерева Vidaron полисандр 0,25кг","33,71грн",/upload/iblock/a4b/a4b0c27a57b09a5e2c21293d919b8b16.jpeg
"Шпаклевка для дерева Vidaron смерека 0,25кг","33,71грн",/upload/iblock/747/7474b5f5f90ad1ddbe63226ef9b09276.jpeg
"Шпаклевка для дерева Vidaron сосна 0,25кг","33,71грн",/upload/iblock/068/068b902dc555e97a4e863b36d0adeaf1.jpeg
Шпатлевка Acryl-Putz Sniezka 2 в 1  20кг,"179,48грн",/upload/iblock/928/928bfab90040d1a84549d4f343dec8ab.jpeg
Шпатлевка Acryl-Putz Sniezka 2 в 1  2кг,"23,37грн",/upload/iblock/487/48730706d93d4aa9ea2da9f6eb81de41.jpeg
Шпатлевка Acryl-Putz Sniezka 2 в 1  5 кг,"55,34грн",/upload/iblock/2cf/2cfb8a44b9497e8d9c398cf409d7a07c.jpeg
Шпатлевка Acryl-Putz Sniezka Фасад 20 кг,"249,35грн",/upload/iblock/8a1/8a1a233db32592fe260ca41feb05df69.jpeg
Шпатлевка Acryl-Putz Sniezka Фасад 5 кг,"75,34грн",/upload/iblock/45b/45ba8f2bd735a7e9452669672f1f3564.jpeg
"Шпатлевка Acryl-Putz Sniezka Финиш 0,5 кг","15,61грн",/upload/iblock/7b3/7b39375ab65807487ee65176dca59dc4.jpeg
"Шпатлевка Acryl-Putz Sniezka Финиш 1,5 кг","32,64грн",/upload/iblock/54d/54dd7633acd6a34e2821b5c5e7d8b0aa.jpeg
Шпатлевка Acryl-Putz Sniezka Финиш 17 кг,"284,71грн",/upload/iblock/265/2650b685a1bc69ca843031c6c9cf9cd7.jpeg
Шпатлевка Acryl-Putz Sniezka Финиш 27 кг,"436,39грн",/upload/iblock/6fa/6faf68668900e06aff521a466ff042fa.jpeg
Шпатлевка Acryl-Putz Sniezka Финиш 5 кг,"96,50грн",/upload/iblock/520/520fd6f745cfd92d32e00eac401bf928.jpeg
Шпатлевка Acryl-Putz Sniezka Финиш 8 кг,"142,73грн",/upload/iblock/bd5/bd54cd7e7ac98c32d9d592826e3f49cc.jpeg
"Шпатлевка Caparol Glattspachtel Fein 17,5LT  25кг","607,60грн",/upload/iblock/9b8/9b8144a394b74226eedb177981534bfa.jpeg
Шпатлевка Caparol Glattspachtel Fein 5LT 8кг,"194,57грн",/upload/iblock/160/160988c31d69ad4ede1b311092177b95.jpeg
Шпатлевка гипсовая Мультифиниш Кнауф 25 кг,"169,10грн",/upload/iblock/8ef/8ef672b7769050e2c79f7d3e17c62da6.jpeg
Шпатлевка гипсовая Сатенгипс Ekogips 30кг,"167,48грн",/upload/iblock/dd4/dd4163721737e58c323c78b98a79053e.jpeg
Шпатлевка гипсовая Сатенгипс Eurogips 25кг,"118,04грн",/upload/iblock/a54/a544a1a9938fcfc0b9fed35bb4c73e91.jpeg
"Шпатлевка фасадная ""МАСТЕР - фасад"" 15 кг","125,15грн",/upload/iblock/96a/96adef1d7a503999e82bfd483394c40f.jpeg
"Шпатлевка фасадная ""МАСТЕР - фасад"" 5 кг","45,97грн",/upload/iblock/d32/d320e8cacbc38e6d2cf04bef2869206a.jpeg
Шпатлевка фасадная СТ-225 25 кг белая,"302,92грн",/upload/iblock/038/03855e3143fca25d61d96dd1de18e88d.jpeg
Шпатлевка финишная Кнауф HP FIINISH 10 кг,"45,63грн",/upload/iblock/884/8843c2db33c9c7a78d8755f14c153574.jpeg
Шпатлевка финишная Кнауф HP FIINISH 25 кг,"86,30грн",/upload/iblock/d76/d763aed6829b602d34ba4193f8002a9d.jpeg
Штукатурка декоративная акриловая СТ-63  25 кг (зерно 3 мм),"935,85грн",/upload/iblock/855/8554afb0d8c02e1d03f2bb797f6b9115.jpeg
"Штукатурка декоративная МАСТЕР «Короїд» 25 кг зерно 2,5 мм (светло-серый)","110,11грн",/upload/iblock/897/8978a40f7ed6de01bce21dce8a4595d4.jpeg
"Штукатурка декоративная силиконовая СТ-75  25 кг (зерно 2,00 мм)","1 733,00грн",/upload/iblock/534/5347e923d7868983cfdb6d953e08fe81.jpeg
"Штукатурка декоративная СТ-60 25 кг (зерно 1,5 мм)","890,82грн",/upload/iblock/bdd/bdd2362a5329ab87b09dfc03f6de5a0a.jpeg
"Штукатурка декоративная СТ-64  25 кг (зерно 2,00 мм)","851,32грн",/upload/iblock/88f/88fb20ab006028bc6aa99eea1a79b19d.jpeg
Штукатурка Кнауф РОТБАНД 15 кг,"60,99грн",/upload/iblock/217/217b23b2c1eaee91297ae8551ea576b2.jpeg
Штукатурка Кнауф РОТБАНД 30 кг,"110,66грн",/upload/iblock/c9a/c9a0fb0164956cc2de56ad436d8c8a66.jpeg
"Штукатурка цементная ""МАСТЕР - універсал"" 25 кг","78,85грн",/upload/iblock/db8/db8edcd697989850a283ebfe9f4c15c7.jpeg
Штукатурка цементно-известковая Момент 25кг,"72,84грн",/upload/iblock/3f4/3f4450b3804d62a4fa78088a02c3afef.jpeg
CN 178 Легковыравниваемая смесь 25 кг,"271,29грн",/upload/iblock/307/3075de4888097d189057630de7e7bf70.jpeg
Cмесь для кладки Мастер «Эко Блок» 25 кг,"58,52грн",/upload/iblock/ac9/ac9774a2bf22174562d017528ed641ce.jpeg
Mapegum WPS/5 - Мапегум ВПС,"463,18грн",/upload/iblock/aac/aaca98b9ecaa04c99a286c90dff4418c.jpeg
Plato Izomix (стартовая штукатурка) 25кг,"101,75грн",/upload/iblock/e97/e9743ce7a535bacc3b58020d8cff275e.jpeg
Антифриз Sika 10 кг,"345,87грн",/upload/iblock/8d9/8d9b12866495e519b0acb36a6daa0e0b.jpeg
Антифриз Sika 20 кг,"678,55грн",/upload/iblock/4e2/4e2045ad704145fc978f05557b762610.jpeg
Грунт Концентрат 1:10 1 л. Lacrysil,"84,75грн",/upload/iblock/29d/29dcfdca3eecbd0dfa1fc1cd84f90519.jpeg
Грунтовка глубокопроникающая Мастер «Грунт» 10л,"111,96грн",/upload/iblock/e90/e90b4a5bb72c429b8dd66e26c347eed8.jpeg
Грунтовка глубокопроникающая Мастер «Грунт» 5л,"56,29грн",/upload/iblock/eea/eea90fde535c52504a47c48ef541b907.jpeg
Грунтовка МАСТЕР Грунт Контакт 10л.,"282,06грн",/upload/iblock/55d/55db71400d0546576fef52f08d6cb9fb.jpeg
Грунтовка МАСТЕР Грунт Контакт 5л.,"145,78грн",/upload/iblock/99b/99b4b64ed981d5b7e27f2eff1ac96031.jpeg
"Декоративна штукатурка МАСТЕР декор 25 кг зерно 1,5 мм","227,48грн",/upload/iblock/9e1/9e1a653fb95d82e247c5eb445e06b448.jpeg
"Затирка ""МАСТЕР - шов кольоровий"" белый 2кг","29,26грн",/upload/iblock/7c2/7c214f02abba38349abe19d09db4a323.jpeg
Затирка СЕ 33 Plus 111 серебристо-серый 2 кг,"66,31грн",/upload/iblock/6dd/6dd80b9983db5ed76131387e9c59b55e.png
Затирка СЕ 33 Plus 122 багама 2 кг,"58,40грн",/upload/iblock/9e4/9e482a8e8cb2b78acb70ba51d42cfc2d.png
Кладочная смесь МАСТЕР «Будівельник» 25 кг,"56,12грн",/upload/iblock/279/27930e0a3ce9f33404896699144377e9.jpeg
Колорит ЕКО грунт 10 л,"149,90грн",/upload/iblock/87d/87d019b1c5cc30c4f10548d8953845cf.jpeg
МАСТЕР клинкер белый 25 кг,"104,60грн",/upload/iblock/1a6/1a6de49c2898292ae6c72303103acd2b.jpeg
МАСТЕР клинкер кремовый 25 кг,"105,97грн",/upload/iblock/481/48181670232ad505bad07c903d0b88fd.jpeg
МАСТЕР клинкер серый 25 кг,"69,33грн",/upload/iblock/346/34698811890cc00c49268a4aed207302.jpeg
МАСТЕР клинкер черный 25 кг,"165,78грн",/upload/iblock/c49/c4968ed3b6537d235ff0f5211f7e20b3.jpeg
"МАСТЕР пластификатор ""Теплый пол"" 5 кг","131,48грн",/upload/iblock/0a9/0a9a7f654b55ea1f9e35d6b39d9a3e32.jpeg
"МАСТЕР шов салатовый (ведро 0,8 кг)","46,14грн",/upload/iblock/810/81017268ce00b955eb38f20bc21d0c3f.jpeg
Очиститель минеральных поверхностей Sikagard-S 5л,"285,05грн",/upload/iblock/3bd/3bd92dadcf9460f4fa9e77884f053273.jpeg
Пластификатор Sikament BV 3M 1кг,"35,79грн",/upload/iblock/518/51830381342d6b2b1cdfe9e239900a72.jpeg
СЕ 33 Plus 120 жасмин 5 кг,"163,34грн",/suchdom_noimage.png
СЕ 33 Plus 125 карамель 5 кг,"174,23грн",/suchdom_noimage.png
СЕ 33 Plus 130 темно-коричневый 5 кг,"181,16грн",/suchdom_noimage.png
Смесь «Kirchland Fuga» шов кирпичный 2 кг,"106,21грн",/upload/iblock/98e/98e01a85f43bcde5035da127f7376864.png
Смесь гидроизоляционная МАСТЕР «Гідро» 10кг,"92,20грн",/upload/iblock/3bc/3bcee05a42f79681fc6e439e14785a30.jpeg
Смесь для кладки МАСТЕР «Блок» 20 кг,"55,05грн",/upload/iblock/dd0/dd0ad0e21c95680a72d070144e738d85.jpeg
Смесь для кладки Момент 25 кг,"54,34грн",/upload/iblock/58d/58dc37c7cc4b32232a7811707bbe9d98.png
"Смесь для кладки печей и каминов МАСТЕР ""Камін"" 15 кг","88,54грн",/upload/iblock/774/7747c4c1d1fe4a844ca49bce9da7baaa.jpeg
Смесь для кладки печей и каминов МАСТЕР Піч 15кг,"88,51грн",/upload/iblock/7f6/7f6b2b942c5be96f37725a7abd06c698.jpeg
Снежка грунтующая краска 10л,"342,58грн",/upload/iblock/ede/edeabb501f6d14041071da98c5f7a558.jpeg
"СТ 137 Штукатурка декоративная «камешковая» (зерно 2,5 мм)","413,94грн",/upload/iblock/a3b/a3b9dbb63486ba74d7e95f415b3a5732.jpeg
"СТ 35 Штукатурка декоративная «короед» (зерно 3,5 мм) белая","344,33грн",/upload/iblock/684/6840d6d3ec24cb43fe4c6a8a14787a57.jpeg
СТ-77 Штукатурка декоративная 14 кг 11М,"865,36грн",/upload/iblock/726/726d392b9ee2d775bbedc214cdf2cdcd.jpeg
СТ-77 Штукатурка декоративная 14 кг 1D,"865,36грн",/upload/iblock/00d/00d467fdeac90b6ce09f12f6bd996a00.jpeg
СТ-77 Штукатурка декоративная 14 кг 31,"865,36грн",/upload/iblock/5d8/5d8aab022393c341002471bbf29b5703.jpeg
СТ-77/14 Chile 1,"969,19грн",/suchdom_noimage.png
СТ-77/14 Chile 2,"969,19грн",/suchdom_noimage.png
СТ-77/14 Chile 3,"969,19грн",/suchdom_noimage.png
СТ-77/14 Chile 4,"969,19грн",/suchdom_noimage.png
СТ-77/14 Chile 5,"969,19грн",/suchdom_noimage.png
СТ-77/14 Chile 6,"969,19грн",/suchdom_noimage.png
СТ-77/14 Granada 1,"969,19грн",/suchdom_noimage.png
СТ-77/14 Granada 2,"969,19грн",/suchdom_noimage.png
СТ-77/14 Granada 3,"969,19грн",/suchdom_noimage.png
СТ-77/14 Granada 4,"969,19грн",/suchdom_noimage.png
СТ-77/14 Granada 5,"969,19грн",/suchdom_noimage.png
СТ-77/14 Granada 6,"969,19грн",/suchdom_noimage.png
СТ-77/14 Laos 1,"969,19грн",/suchdom_noimage.png
СТ-77/14 Laos 2,"969,19грн",/suchdom_noimage.png
СТ-77/14 Laos 3,"969,19грн",/suchdom_noimage.png
СТ-77/14 Laos 4,"969,19грн",/suchdom_noimage.png
СТ-77/14 Laos 5,"969,19грн",/suchdom_noimage.png
СТ-77/14 Laos 6,"969,19грн",/suchdom_noimage.png
СТ-77/14 Morocco 1,"969,19грн",/suchdom_noimage.png
СТ-77/14 Morocco 2,"969,19грн",/suchdom_noimage.png
СТ-77/14 Morocco 3,"969,19грн",/suchdom_noimage.png
СТ-77/14 Morocco 4,"969,19грн",/suchdom_noimage.png
СТ-77/14 Morocco 5,"969,19грн",/suchdom_noimage.png
СТ-77/14 Morocco 6,"969,19грн",/suchdom_noimage.png
СТ-77/14 Persia 1,"969,19грн",/suchdom_noimage.png
СТ-77/14 Persia 2,"969,19грн",/suchdom_noimage.png
СТ-77/14 Persia 3,"969,19грн",/suchdom_noimage.png
СТ-77/14 Persia 4,"969,19грн",/suchdom_noimage.png
СТ-77/14 Persia 5,"969,19грн",/suchdom_noimage.png
СТ-77/14 Persia 6,"969,19грн",/suchdom_noimage.png
СТ-77/14 Peru 1,"969,19грн",/suchdom_noimage.png
СТ-77/14 Peru 2,"969,19грн",/suchdom_noimage.png
СТ-77/14 Peru 3,"969,19грн",/suchdom_noimage.png
СТ-77/14 Peru 4,"969,19грн",/suchdom_noimage.png
СТ-77/14 Peru 5,"969,19грн",/suchdom_noimage.png
СТ-77/14 Peru 6,"969,19грн",/suchdom_noimage.png
СТ-77/14 Sierra 1,"969,19грн",/suchdom_noimage.png
СТ-77/14 Sierra 3,"969,19грн",/suchdom_noimage.png
СТ-77/14 Sierra 4,"969,19грн",/suchdom_noimage.png
СТ-77/14 Sierra 5,"969,19грн",/suchdom_noimage.png
СТ-77/14 Sierra 6,"969,19грн",/suchdom_noimage.png
СТ-77/14 Tibet 1,"969,19грн",/suchdom_noimage.png
СТ-77/14 Tibet 2,"969,19грн",/suchdom_noimage.png
СТ-77/14 Tibet 3,"969,19грн",/suchdom_noimage.png
СТ-77/14 Tibet 4,"969,19грн",/suchdom_noimage.png
СТ-77/14 Tibet 5,"969,19грн",/suchdom_noimage.png
СТ-77/14 Tibet 6,"969,19грн",/suchdom_noimage.png
Строительная смесь классическая Момент30 кг,"75,40грн",/upload/iblock/167/16792ed72d88c25ede4e76b50dc2a565.jpeg
Стяжка Момент 25 кг,"71,18грн",/upload/iblock/3a0/3a0c077010e3142ae8baa9562dc6325d.jpeg
Ускоритель для растворов Sika - 4а 1кг,"109,98грн",/upload/iblock/680/680518110d32008e36093d74c7a9c012.jpeg
Ускоритель для растворов Sika - 4а 5кг,"482,30грн",/upload/iblock/1fa/1fa29b2ec6c3096605ffaf75c1c804f0.jpeg
Финишная шпатлевка Plato Glad 25 кг,"69,66грн",/upload/iblock/fb9/fb99a2f060892eec14921f89d1a1d9bc.jpeg
Цветной шов СЕ 33 SUPER 2 кг жасмин,"34,65грн",/upload/iblock/0d2/0d2adf0ea287c07ea7051321436f509e.jpeg
Цветной шов СЕ 33 SUPER 2 кг серый,"34,65грн",/upload/iblock/7db/7dbc833b6778f333a82e2db8b4f17351.jpeg
Цветной шов СЕ 40 2 кг абрикос,"127,70грн",/upload/iblock/905/905e463bd04ef5eed9676133ca62b609.jpeg
Цветной шов СЕ 40 2 кг бежевый,"136,61грн",/upload/iblock/92b/92b78ddab5861c57a38e48b75aa0f53c.jpeg
Цветной шов СЕ 40 2 кг оливковый,"168,29грн",/upload/iblock/e45/e451ab4ce0fcc46328cf8c850fa97117.jpeg
Цветной шов СЕ 40 2 кг розовый,"147,50грн",/upload/iblock/0e3/0e3e410d56656467e5f3287eb75992d1.jpeg
Цветной шов СЕ 40 2 кг сахара,"136,61грн",/upload/iblock/ea6/ea66a31a5ee2a2ec4db01f75f527920c.jpeg
Цветной шов СЕ 40 5  кг чили 37,"204,92грн",/upload/iblock/750/750b0ef152567d855a980fd5337dbac7.jpeg
Цветной шов СЕ 40 5 кг фиолетовый 90,"204,92грн",/upload/iblock/81c/81c12267be0e7f66fad865990f4d638a.jpeg
"Цементная штукатурка ""МАСТЕР штукатурка"" 25 кг","53,15грн",/upload/iblock/f76/f7687b27e086e1e35014140eb3a71841.jpeg
"Шпатлевка ""МАСТЕР-Фасад універсальний"" 25 кг","166,15грн",/upload/iblock/e6e/e6eee027e5ba43bb0f0b27cbcbe198b0.jpeg
Шпатлевка Изогипс 10 кг,"43,38грн",/upload/iblock/c91/c91714af4e6a0dc07592fa50b19a7c7c.jpeg
Шпатлевка Изогипс 5 кг,"24,04грн",/upload/iblock/fdf/fdf24a4b792c202898f9d043bfd58576.jpeg
Шпатлевка Изогипс IZOGIPS 25 кг,"86,69грн",/upload/iblock/2b5/2b5b3c3f97f012112fe24fc00b84e7f2.jpeg
"Шпатлевка по дереву Lacrysil Дуб 0,45 кг","22,70грн",/upload/iblock/c0c/c0c92fd89747a0edd3d0a1be2c7eed80.jpeg
"Шпатлевка по дереву Lacrysil Сосна 0,45 кг","22,73грн",/upload/iblock/5de/5dea1c423b0133ea4b20afd8d85edfa5.jpeg
Шпатлевка полимерцементная армированная СТ-29  25 кг,"144,50грн",/upload/iblock/c55/c5526cd9ec18e63a1bdd92388e17ea01.jpeg
Шпатлевка Сатенгипс 10 кг,"50,11грн",/upload/iblock/b79/b793d9a16b6107e67a9ae565fd51d4f8.jpeg
Шпатлевка Сатенгипс 3 кг,"19,32грн",/upload/iblock/66f/66fad778153a47547f6c1315f36b1318.jpeg
Шпатлевка Сатенгипс 5 кг,"28,64грн",/upload/iblock/76e/76e7c300bdc88cfa6c926a86a09f75d9.jpeg
Шпатлевка Сатенгипс Sajengips 25 кг,"91,91грн",/upload/iblock/22a/22acc582e7f68dd3b1d078bb5243e83f.jpeg
Штукатурка декоративная МАСТЕР «Короїд» 25 кг зерно 2 мм,"161,74грн",/upload/iblock/e8c/e8c4ef541ba2044acd07a08c74335a16.jpeg
"Штукатурка декоративная МАСТЕР «Короїд» 25 кг зерно 2,5 мм","161,74грн",/upload/iblock/80f/80fb1e99c1da7f9c6dc819bfdcf2574c.jpeg
"Штукатурка декоративная СТ-60 25 кг (зерно 2,5 мм)","929,74грн",/upload/iblock/fb0/fb06762c99470bcca0646242115f16e5.jpeg
